id,name,height,weight,hp,attack,defense,s_attack,s_defense,speed,type,evo_set
1,bulbasaur,7,69,45,49,49,65,65,45,"{grass,poison}",1
2,ivysaur,10,130,60,62,63,80,80,60,"{grass,poison}",1
3,venusaur,20,1000,80,82,83,100,100,80,"{grass,poison}",1
4,charmander,6,85,39,52,43,60,50,65,{fire},2
5,charmeleon,11,190,58,64,58,80,65,80,{fire},2
6,charizard,17,905,78,84,78,109,85,100,"{fire,flying}",2
7,squirtle,5,90,44,48,65,50,64,43,{water},3
8,wartortle,10,225,59,63,80,65,80,58,{water},3
9,blastoise,16,855,79,83,100,85,105,78,{water},3
10,caterpie,3,29,45,30,35,20,20,45,{bug},4
11,metapod,7,99,50,20,55,25,25,30,{bug},4
12,butterfree,11,320,60,45,50,90,80,70,"{bug,flying}",4
13,weedle,3,32,40,35,30,20,20,50,"{bug,poison}",5
14,kakuna,6,100,45,25,50,25,25,35,"{bug,poison}",5
15,beedrill,10,295,65,90,40,45,80,75,"{bug,poison}",5
16,pidgey,3,18,40,45,40,35,35,56,"{normal,flying}",6
17,pidgeotto,11,300,63,60,55,50,50,71,"{normal,flying}",6
18,pidgeot,15,395,83,80,75,70,70,101,"{normal,flying}",6
19,rattata,3,35,30,56,35,25,35,72,{normal},7
20,raticate,7,185,55,81,60,50,70,97,{normal},7
21,spearow,3,20,40,60,30,31,31,70,"{normal,flying}",8
22,fearow,12,380,65,90,65,61,61,100,"{normal,flying}",8
23,ekans,20,69,35,60,44,40,54,55,{poison},9
24,arbok,35,650,60,95,69,65,79,80,{poison},9
25,pikachu,4,60,35,55,40,50,50,90,{electric},10
26,raichu,8,300,60,90,55,90,80,110,{electric},10
27,sandshrew,6,120,50,75,85,20,30,40,{ground},11
28,sandslash,10,295,75,100,110,45,55,65,{ground},11
29,nidoran-f,4,70,55,47,52,40,40,41,{poison},12
30,nidorina,8,200,70,62,67,55,55,56,{poison},12
31,nidoqueen,13,600,90,92,87,75,85,76,"{poison,ground}",12
32,nidoran-m,5,90,46,57,40,40,40,50,{poison},13
33,nidorino,9,195,61,72,57,55,55,65,{poison},13
34,nidoking,14,620,81,102,77,85,75,85,"{poison,ground}",13
35,clefairy,6,75,70,45,48,60,65,35,{fairy},14
36,clefable,13,400,95,70,73,95,90,60,{fairy},14
37,vulpix,6,99,38,41,40,50,65,65,{fire},15
38,ninetales,11,199,73,76,75,81,100,100,{fire},15
39,jigglypuff,5,55,115,45,20,45,25,20,"{normal,fairy}",16
40,wigglytuff,10,120,140,70,45,85,50,45,"{normal,fairy}",16
41,zubat,8,75,40,45,35,30,40,55,"{poison,flying}",17
42,golbat,16,550,75,80,70,65,75,90,"{poison,flying}",17
43,oddish,5,54,45,50,55,75,65,30,"{grass,poison}",18
44,gloom,8,86,60,65,70,85,75,40,"{grass,poison}",18
45,vileplume,12,186,75,80,85,110,90,50,"{grass,poison}",18
46,paras,3,54,35,70,55,45,55,25,"{bug,grass}",19
47,parasect,10,295,60,95,80,60,80,30,"{bug,grass}",19
48,venonat,10,300,60,55,50,40,55,45,"{bug,poison}",20
49,venomoth,15,125,70,65,60,90,75,90,"{bug,poison}",20
50,diglett,2,8,10,55,25,35,45,95,{ground},21
51,dugtrio,7,333,35,100,50,50,70,120,{ground},21
52,meowth,4,42,40,45,35,40,40,90,{normal},22
53,persian,10,320,65,70,60,65,65,115,{normal},22
54,psyduck,8,196,50,52,48,65,50,55,{water},23
55,golduck,17,766,80,82,78,95,80,85,{water},23
56,mankey,5,280,40,80,35,35,45,70,{fighting},24
57,primeape,10,320,65,105,60,60,70,95,{fighting},24
58,growlithe,7,190,55,70,45,70,50,60,{fire},25
59,arcanine,19,1550,90,110,80,100,80,95,{fire},25
60,poliwag,6,124,40,50,40,40,40,90,{water},26
61,poliwhirl,10,200,65,65,65,50,50,90,{water},26
62,poliwrath,13,540,90,95,95,70,90,70,"{water,fighting}",26
63,abra,9,195,25,20,15,105,55,90,{psychic},27
64,kadabra,13,565,40,35,30,120,70,105,{psychic},27
65,alakazam,15,480,55,50,45,135,95,120,{psychic},27
66,machop,8,195,70,80,50,35,35,35,{fighting},28
67,machoke,15,705,80,100,70,50,60,45,{fighting},28
68,machamp,16,1300,90,130,80,65,85,55,{fighting},28
69,bellsprout,7,40,50,75,35,70,30,40,"{grass,poison}",29
70,weepinbell,10,64,65,90,50,85,45,55,"{grass,poison}",29
71,victreebel,17,155,80,105,65,100,70,70,"{grass,poison}",29
72,tentacool,9,455,40,40,35,50,100,70,"{water,poison}",30
73,tentacruel,16,550,80,70,65,80,120,100,"{water,poison}",30
74,geodude,4,200,40,80,100,30,30,20,"{rock,ground}",31
75,graveler,10,1050,55,95,115,45,45,35,"{rock,ground}",31
76,golem,14,3000,80,120,130,55,65,45,"{rock,ground}",31
77,ponyta,10,300,50,85,55,65,65,90,{fire},32
78,rapidash,17,950,65,100,70,80,80,105,{fire},32
79,slowpoke,12,360,90,65,65,40,40,15,"{water,psychic}",33
80,slowbro,16,785,95,75,110,100,80,30,"{water,psychic}",33
81,magnemite,3,60,25,35,70,95,55,45,"{electric,steel}",34
82,magneton,10,600,50,60,95,120,70,70,"{electric,steel}",34
83,farfetchd,8,150,52,90,55,58,62,60,"{normal,flying}",35
84,doduo,14,392,35,85,45,35,35,75,"{normal,flying}",36
85,dodrio,18,852,60,110,70,60,60,110,"{normal,flying}",36
86,seel,11,900,65,45,55,45,70,45,{water},37
87,dewgong,17,1200,90,70,80,70,95,70,"{water,ice}",37
88,grimer,9,300,80,80,50,40,50,25,{poison},38
89,muk,12,300,105,105,75,65,100,50,{poison},38
90,shellder,3,40,30,65,100,45,25,40,{water},39
91,cloyster,15,1325,50,95,180,85,45,70,"{water,ice}",39
92,gastly,13,1,30,35,30,100,35,80,"{ghost,poison}",40
93,haunter,16,1,45,50,45,115,55,95,"{ghost,poison}",40
94,gengar,15,405,60,65,60,130,75,110,"{ghost,poison}",40
95,onix,88,2100,35,45,160,30,45,70,"{rock,ground}",41
96,drowzee,10,324,60,48,45,43,90,42,{psychic},42
97,hypno,16,756,85,73,70,73,115,67,{psychic},42
98,krabby,4,65,30,105,90,25,25,50,{water},43
99,kingler,13,600,55,130,115,50,50,75,{water},43
100,voltorb,5,104,40,30,50,55,55,100,{electric},44
101,electrode,12,666,60,50,70,80,80,150,{electric},44
102,exeggcute,4,25,60,40,80,60,45,40,"{grass,psychic}",45
103,exeggutor,20,1200,95,95,85,125,75,55,"{grass,psychic}",45
104,cubone,4,65,50,50,95,40,50,35,{ground},46
105,marowak,10,450,60,80,110,50,80,45,{ground},46
106,hitmonlee,15,498,50,120,53,35,110,87,{fighting},47
107,hitmonchan,14,502,50,105,79,35,110,76,{fighting},47
108,lickitung,12,655,90,55,75,60,75,30,{normal},48
109,koffing,6,10,40,65,95,60,45,35,{poison},49
110,weezing,12,95,65,90,120,85,70,60,{poison},49
111,rhyhorn,10,1150,80,85,95,30,30,25,"{ground,rock}",50
112,rhydon,19,1200,105,130,120,45,45,40,"{ground,rock}",50
113,chansey,11,346,250,5,5,35,105,50,{normal},51
114,tangela,10,350,65,55,115,100,40,60,{grass},52
115,kangaskhan,22,800,105,95,80,40,80,90,{normal},53
116,horsea,4,80,30,40,70,70,25,60,{water},54
117,seadra,12,250,55,65,95,95,45,85,{water},54
118,goldeen,6,150,45,67,60,35,50,63,{water},55
119,seaking,13,390,80,92,65,65,80,68,{water},55
120,staryu,8,345,30,45,55,70,55,85,{water},56
121,starmie,11,800,60,75,85,100,85,115,"{water,psychic}",56
122,mr-mime,13,545,40,45,65,100,120,90,"{psychic,fairy}",57
123,scyther,15,560,70,110,80,55,80,105,"{bug,flying}",58
124,jynx,14,406,65,50,35,115,95,95,"{ice,psychic}",59
125,electabuzz,11,300,65,83,57,95,85,105,{electric},60
126,magmar,13,445,65,95,57,100,85,93,{fire},61
127,pinsir,15,550,65,125,100,55,70,85,{bug},62
128,tauros,14,884,75,100,95,40,70,110,{normal},63
129,magikarp,9,100,20,10,55,15,20,80,{water},64
130,gyarados,65,2350,95,125,79,60,100,81,"{water,flying}",64
131,lapras,25,2200,130,85,80,85,95,60,"{water,ice}",65
132,ditto,3,40,48,48,48,48,48,48,{normal},66
133,eevee,3,65,55,55,50,45,65,55,{normal},67
134,vaporeon,10,290,130,65,60,110,95,65,{water},67
135,jolteon,8,245,65,65,60,110,95,130,{electric},67
136,flareon,9,250,65,130,60,95,110,65,{fire},67
137,porygon,8,365,65,60,70,85,75,40,{normal},68
138,omanyte,4,75,35,40,100,90,55,35,"{rock,water}",69
139,omastar,10,350,70,60,125,115,70,55,"{rock,water}",69
140,kabuto,5,115,30,80,90,55,45,55,"{rock,water}",70
141,kabutops,13,405,60,115,105,65,70,80,"{rock,water}",70
142,aerodactyl,18,590,80,105,65,60,75,130,"{rock,flying}",71
143,snorlax,21,4600,160,110,65,65,110,30,{normal},72
144,articuno,17,554,90,85,100,95,125,85,"{ice,flying}",73
145,zapdos,16,526,90,90,85,125,90,100,"{electric,flying}",74
146,moltres,20,600,90,100,90,125,85,90,"{fire,flying}",75
147,dratini,18,33,41,64,45,50,50,50,{dragon},76
148,dragonair,40,165,61,84,65,70,70,70,{dragon},76
149,dragonite,22,2100,91,134,95,100,100,80,"{dragon,flying}",76
150,mewtwo,20,1220,106,110,90,154,90,130,{psychic},77
151,mew,4,40,100,100,100,100,100,100,{psychic},78
152,chikorita,9,64,45,49,65,49,65,45,{grass},79
153,bayleef,12,158,60,62,80,63,80,60,{grass},79
154,meganium,18,1005,80,82,100,83,100,80,{grass},79
155,cyndaquil,5,79,39,52,43,60,50,65,{fire},80
156,quilava,9,190,58,64,58,80,65,80,{fire},80
157,typhlosion,17,795,78,84,78,109,85,100,{fire},80
158,totodile,6,95,50,65,64,44,48,43,{water},81
159,croconaw,11,250,65,80,80,59,63,58,{water},81
160,feraligatr,23,888,85,105,100,79,83,78,{water},81
161,sentret,8,60,35,46,34,35,45,20,{normal},82
162,furret,18,325,85,76,64,45,55,90,{normal},82
163,hoothoot,7,212,60,30,30,36,56,50,"{normal,flying}",83
164,noctowl,16,408,100,50,50,86,96,70,"{normal,flying}",83
165,ledyba,10,108,40,20,30,40,80,55,"{bug,flying}",84
166,ledian,14,356,55,35,50,55,110,85,"{bug,flying}",84
167,spinarak,5,85,40,60,40,40,40,30,"{bug,poison}",85
168,ariados,11,335,70,90,70,60,70,40,"{bug,poison}",85
169,crobat,18,750,85,90,80,70,80,130,"{poison,flying}",17
170,chinchou,5,120,75,38,38,56,56,67,"{water,electric}",86
171,lanturn,12,225,125,58,58,76,76,67,"{water,electric}",86
172,pichu,3,20,20,40,15,35,35,60,{electric},10
173,cleffa,3,30,50,25,28,45,55,15,{fairy},14
174,igglybuff,3,10,90,30,15,40,20,15,"{normal,fairy}",16
175,togepi,3,15,35,20,65,40,65,20,{fairy},87
176,togetic,6,32,55,40,85,80,105,40,"{fairy,flying}",87
177,natu,2,20,40,50,45,70,45,70,"{psychic,flying}",88
178,xatu,15,150,65,75,70,95,70,95,"{psychic,flying}",88
179,mareep,6,78,55,40,40,65,45,35,{electric},89
180,flaaffy,8,133,70,55,55,80,60,45,{electric},89
181,ampharos,14,615,90,75,85,115,90,55,{electric},89
182,bellossom,4,58,75,80,95,90,100,50,{grass},18
183,marill,4,85,70,20,50,20,50,40,"{water,fairy}",90
184,azumarill,8,285,100,50,80,60,80,50,"{water,fairy}",90
185,sudowoodo,12,380,70,100,115,30,65,30,{rock},91
186,politoed,11,339,90,75,75,90,100,70,{water},26
187,hoppip,4,5,35,35,40,35,55,50,"{grass,flying}",92
188,skiploom,6,10,55,45,50,45,65,80,"{grass,flying}",92
189,jumpluff,8,30,75,55,70,55,95,110,"{grass,flying}",92
190,aipom,8,115,55,70,55,40,55,85,{normal},93
191,sunkern,3,18,30,30,30,30,30,30,{grass},94
192,sunflora,8,85,75,75,55,105,85,30,{grass},94
193,yanma,12,380,65,65,45,75,45,95,"{bug,flying}",95
194,wooper,4,85,55,45,45,25,25,15,"{water,ground}",96
195,quagsire,14,750,95,85,85,65,65,35,"{water,ground}",96
196,espeon,9,265,65,65,60,130,95,110,{psychic},67
197,umbreon,10,270,95,65,110,60,130,65,{dark},67
198,murkrow,5,21,60,85,42,85,42,91,"{dark,flying}",97
199,slowking,20,795,95,75,80,100,110,30,"{water,psychic}",33
200,misdreavus,7,10,60,60,60,85,85,85,{ghost},98
201,unown,5,50,48,72,48,72,48,48,{psychic},99
202,wobbuffet,13,285,190,33,58,33,58,33,{psychic},100
203,girafarig,15,415,70,80,65,90,65,85,"{normal,psychic}",101
204,pineco,6,72,50,65,90,35,35,15,{bug},102
205,forretress,12,1258,75,90,140,60,60,40,"{bug,steel}",102
206,dunsparce,15,140,100,70,70,65,65,45,{normal},103
207,gligar,11,648,65,75,105,35,65,85,"{ground,flying}",104
208,steelix,92,4000,75,85,200,55,65,30,"{steel,ground}",41
209,snubbull,6,78,60,80,50,40,40,30,{fairy},105
210,granbull,14,487,90,120,75,60,60,45,{fairy},105
211,qwilfish,5,39,65,95,85,55,55,85,"{water,poison}",106
212,scizor,18,1180,70,130,100,55,80,65,"{bug,steel}",58
213,shuckle,6,205,20,10,230,10,230,5,"{bug,rock}",107
214,heracross,15,540,80,125,75,40,95,85,"{bug,fighting}",108
215,sneasel,9,280,55,95,55,35,75,115,"{dark,ice}",109
216,teddiursa,6,88,60,80,50,50,50,40,{normal},110
217,ursaring,18,1258,90,130,75,75,75,55,{normal},110
218,slugma,7,350,40,40,40,70,40,20,{fire},111
219,magcargo,8,550,60,50,120,90,80,30,"{fire,rock}",111
220,swinub,4,65,50,50,40,30,30,50,"{ice,ground}",112
221,piloswine,11,558,100,100,80,60,60,50,"{ice,ground}",112
222,corsola,6,50,65,55,95,65,95,35,"{water,rock}",113
223,remoraid,6,120,35,65,35,65,35,65,{water},114
224,octillery,9,285,75,105,75,105,75,45,{water},114
225,delibird,9,160,45,55,45,65,45,75,"{ice,flying}",115
226,mantine,21,2200,85,40,70,80,140,70,"{water,flying}",116
227,skarmory,17,505,65,80,140,40,70,70,"{steel,flying}",117
228,houndour,6,108,45,60,30,80,50,65,"{dark,fire}",118
229,houndoom,14,350,75,90,50,110,80,95,"{dark,fire}",118
230,kingdra,18,1520,75,95,95,95,95,85,"{water,dragon}",54
231,phanpy,5,335,90,60,60,40,40,40,{ground},119
232,donphan,11,1200,90,120,120,60,60,50,{ground},119
233,porygon2,6,325,85,80,90,105,95,60,{normal},68
234,stantler,14,712,73,95,62,85,65,85,{normal},120
235,smeargle,12,580,55,20,35,20,45,75,{normal},121
236,tyrogue,7,210,35,35,35,35,35,35,{fighting},47
237,hitmontop,14,480,50,95,95,35,110,70,{fighting},47
238,smoochum,4,60,45,30,15,85,65,65,"{ice,psychic}",59
239,elekid,6,235,45,63,37,65,55,95,{electric},60
240,magby,7,214,45,75,37,70,55,83,{fire},61
241,miltank,12,755,95,80,105,40,70,100,{normal},122
242,blissey,15,468,255,10,10,75,135,55,{normal},51
243,raikou,19,1780,90,85,75,115,100,115,{electric},123
244,entei,21,1980,115,115,85,90,75,100,{fire},124
245,suicune,20,1870,100,75,115,90,115,85,{water},125
246,larvitar,6,720,50,64,50,45,50,41,"{rock,ground}",126
247,pupitar,12,1520,70,84,70,65,70,51,"{rock,ground}",126
248,tyranitar,20,2020,100,134,110,95,100,61,"{rock,dark}",126
249,lugia,52,2160,106,90,130,90,154,110,"{psychic,flying}",127
250,ho-oh,38,1990,106,130,90,110,154,90,"{fire,flying}",128
251,celebi,6,50,100,100,100,100,100,100,"{psychic,grass}",129
252,treecko,5,50,40,45,35,65,55,70,{grass},130
253,grovyle,9,216,50,65,45,85,65,95,{grass},130
254,sceptile,17,522,70,85,65,105,85,120,{grass},130
255,torchic,4,25,45,60,40,70,50,45,{fire},131
256,combusken,9,195,60,85,60,85,60,55,"{fire,fighting}",131
257,blaziken,19,520,80,120,70,110,70,80,"{fire,fighting}",131
258,mudkip,4,76,50,70,50,50,50,40,{water},132
259,marshtomp,7,280,70,85,70,60,70,50,"{water,ground}",132
260,swampert,15,819,100,110,90,85,90,60,"{water,ground}",132
261,poochyena,5,136,35,55,35,30,30,35,{dark},133
262,mightyena,10,370,70,90,70,60,60,70,{dark},133
263,zigzagoon,4,175,38,30,41,30,41,60,{normal},134
264,linoone,5,325,78,70,61,50,61,100,{normal},134
265,wurmple,3,36,45,45,35,20,30,20,{bug},135
266,silcoon,6,100,50,35,55,25,25,15,{bug},135
267,beautifly,10,284,60,70,50,100,50,65,"{bug,flying}",135
268,cascoon,7,115,50,35,55,25,25,15,{bug},135
269,dustox,12,316,60,50,70,50,90,65,"{bug,poison}",135
270,lotad,5,26,40,30,30,40,50,30,"{water,grass}",136
271,lombre,12,325,60,50,50,60,70,50,"{water,grass}",136
272,ludicolo,15,550,80,70,70,90,100,70,"{water,grass}",136
273,seedot,5,40,40,40,50,30,30,30,{grass},137
274,nuzleaf,10,280,70,70,40,60,40,60,"{grass,dark}",137
275,shiftry,13,596,90,100,60,90,60,80,"{grass,dark}",137
276,taillow,3,23,40,55,30,30,30,85,"{normal,flying}",138
277,swellow,7,198,60,85,60,75,50,125,"{normal,flying}",138
278,wingull,6,95,40,30,30,55,30,85,"{water,flying}",139
279,pelipper,12,280,60,50,100,95,70,65,"{water,flying}",139
280,ralts,4,66,28,25,25,45,35,40,"{psychic,fairy}",140
281,kirlia,8,202,38,35,35,65,55,50,"{psychic,fairy}",140
282,gardevoir,16,484,68,65,65,125,115,80,"{psychic,fairy}",140
283,surskit,5,17,40,30,32,50,52,65,"{bug,water}",141
284,masquerain,8,36,70,60,62,100,82,80,"{bug,flying}",141
285,shroomish,4,45,60,40,60,40,60,35,{grass},142
286,breloom,12,392,60,130,80,60,60,70,"{grass,fighting}",142
287,slakoth,8,240,60,60,60,35,35,30,{normal},143
288,vigoroth,14,465,80,80,80,55,55,90,{normal},143
289,slaking,20,1305,150,160,100,95,65,100,{normal},143
290,nincada,5,55,31,45,90,30,30,40,"{bug,ground}",144
291,ninjask,8,120,61,90,45,50,50,160,"{bug,flying}",144
292,shedinja,8,12,1,90,45,30,30,40,"{bug,ghost}",144
293,whismur,6,163,64,51,23,51,23,28,{normal},145
294,loudred,10,405,84,71,43,71,43,48,{normal},145
295,exploud,15,840,104,91,63,91,73,68,{normal},145
296,makuhita,10,864,72,60,30,20,30,25,{fighting},146
297,hariyama,23,2538,144,120,60,40,60,50,{fighting},146
298,azurill,2,20,50,20,40,20,40,20,"{normal,fairy}",90
299,nosepass,10,970,30,45,135,45,90,30,{rock},147
300,skitty,6,110,50,45,45,35,35,50,{normal},148
301,delcatty,11,326,70,65,65,55,55,90,{normal},148
302,sableye,5,110,50,75,75,65,65,50,"{dark,ghost}",149
303,mawile,6,115,50,85,85,55,55,50,"{steel,fairy}",150
304,aron,4,600,50,70,100,40,40,30,"{steel,rock}",151
305,lairon,9,1200,60,90,140,50,50,40,"{steel,rock}",151
306,aggron,21,3600,70,110,180,60,60,50,"{steel,rock}",151
307,meditite,6,112,30,40,55,40,55,60,"{fighting,psychic}",152
308,medicham,13,315,60,60,75,60,75,80,"{fighting,psychic}",152
309,electrike,6,152,40,45,40,65,40,65,{electric},153
310,manectric,15,402,70,75,60,105,60,105,{electric},153
311,plusle,4,42,60,50,40,85,75,95,{electric},154
312,minun,4,42,60,40,50,75,85,95,{electric},155
313,volbeat,7,177,65,73,75,47,85,85,{bug},156
314,illumise,6,177,65,47,75,73,85,85,{bug},157
315,roselia,3,20,50,60,45,100,80,65,"{grass,poison}",158
316,gulpin,4,103,70,43,53,43,53,40,{poison},159
317,swalot,17,800,100,73,83,73,83,55,{poison},159
318,carvanha,8,208,45,90,20,65,20,65,"{water,dark}",160
319,sharpedo,18,888,70,120,40,95,40,95,"{water,dark}",160
320,wailmer,20,1300,130,70,35,70,35,60,{water},161
321,wailord,145,3980,170,90,45,90,45,60,{water},161
322,numel,7,240,60,60,40,65,45,35,"{fire,ground}",162
323,camerupt,19,2200,70,100,70,105,75,40,"{fire,ground}",162
324,torkoal,5,804,70,85,140,85,70,20,{fire},163
325,spoink,7,306,60,25,35,70,80,60,{psychic},164
326,grumpig,9,715,80,45,65,90,110,80,{psychic},164
327,spinda,11,50,60,60,60,60,60,60,{normal},165
328,trapinch,7,150,45,100,45,45,45,10,{ground},166
329,vibrava,11,153,50,70,50,50,50,70,"{ground,dragon}",166
330,flygon,20,820,80,100,80,80,80,100,"{ground,dragon}",166
331,cacnea,4,513,50,85,40,85,40,35,{grass},167
332,cacturne,13,774,70,115,60,115,60,55,"{grass,dark}",167
333,swablu,4,12,45,40,60,40,75,50,"{normal,flying}",168
334,altaria,11,206,75,70,90,70,105,80,"{dragon,flying}",168
335,zangoose,13,403,73,115,60,60,60,90,{normal},169
336,seviper,27,525,73,100,60,100,60,65,{poison},170
337,lunatone,10,1680,90,55,65,95,85,70,"{rock,psychic}",171
338,solrock,12,1540,90,95,85,55,65,70,"{rock,psychic}",172
339,barboach,4,19,50,48,43,46,41,60,"{water,ground}",173
340,whiscash,9,236,110,78,73,76,71,60,"{water,ground}",173
341,corphish,6,115,43,80,65,50,35,35,{water},174
342,crawdaunt,11,328,63,120,85,90,55,55,"{water,dark}",174
343,baltoy,5,215,40,40,55,40,70,55,"{ground,psychic}",175
344,claydol,15,1080,60,70,105,70,120,75,"{ground,psychic}",175
345,lileep,10,238,66,41,77,61,87,23,"{rock,grass}",176
346,cradily,15,604,86,81,97,81,107,43,"{rock,grass}",176
347,anorith,7,125,45,95,50,40,50,75,"{rock,bug}",177
348,armaldo,15,682,75,125,100,70,80,45,"{rock,bug}",177
349,feebas,6,74,20,15,20,10,55,80,{water},178
350,milotic,62,1620,95,60,79,100,125,81,{water},178
351,castform,3,8,70,70,70,70,70,70,{normal},179
352,kecleon,10,220,60,90,70,60,120,40,{normal},180
353,shuppet,6,23,44,75,35,63,33,45,{ghost},181
354,banette,11,125,64,115,65,83,63,65,{ghost},181
355,duskull,8,150,20,40,90,30,90,25,{ghost},182
356,dusclops,16,306,40,70,130,60,130,25,{ghost},182
357,tropius,20,1000,99,68,83,72,87,51,"{grass,flying}",183
358,chimecho,6,10,75,50,80,95,90,65,{psychic},184
359,absol,12,470,65,130,60,75,60,75,{dark},185
360,wynaut,6,140,95,23,48,23,48,23,{psychic},100
361,snorunt,7,168,50,50,50,50,50,50,{ice},186
362,glalie,15,2565,80,80,80,80,80,80,{ice},186
363,spheal,8,395,70,40,50,55,50,25,"{ice,water}",187
364,sealeo,11,876,90,60,70,75,70,45,"{ice,water}",187
365,walrein,14,1506,110,80,90,95,90,65,"{ice,water}",187
366,clamperl,4,525,35,64,85,74,55,32,{water},188
367,huntail,17,270,55,104,105,94,75,52,{water},188
368,gorebyss,18,226,55,84,105,114,75,52,{water},188
369,relicanth,10,234,100,90,130,45,65,55,"{water,rock}",189
370,luvdisc,6,87,43,30,55,40,65,97,{water},190
371,bagon,6,421,45,75,60,40,30,50,{dragon},191
372,shelgon,11,1105,65,95,100,60,50,50,{dragon},191
373,salamence,15,1026,95,135,80,110,80,100,"{dragon,flying}",191
374,beldum,6,952,40,55,80,35,60,30,"{steel,psychic}",192
375,metang,12,2025,60,75,100,55,80,50,"{steel,psychic}",192
376,metagross,16,5500,80,135,130,95,90,70,"{steel,psychic}",192
377,regirock,17,2300,80,100,200,50,100,50,{rock},193
378,regice,18,1750,80,50,100,100,200,50,{ice},194
379,registeel,19,2050,80,75,150,75,150,50,{steel},195
380,latias,14,400,80,80,90,110,130,110,"{dragon,psychic}",196
381,latios,20,600,80,90,80,130,110,110,"{dragon,psychic}",197
382,kyogre,45,3520,100,100,90,150,140,90,{water},198
383,groudon,35,9500,100,150,140,100,90,90,{ground},199
384,rayquaza,70,2065,105,150,90,150,90,95,"{dragon,flying}",200
385,jirachi,3,11,100,100,100,100,100,100,"{steel,psychic}",201
386,deoxys,17,608,50,150,50,150,50,150,{psychic},202
387,turtwig,4,102,55,68,64,45,55,31,{grass},203
388,grotle,11,970,75,89,85,55,65,36,{grass},203
389,torterra,22,3100,95,109,105,75,85,56,"{grass,ground}",203
390,chimchar,5,62,44,58,44,58,44,61,{fire},204
391,monferno,9,220,64,78,52,78,52,81,"{fire,fighting}",204
392,infernape,12,550,76,104,71,104,71,108,"{fire,fighting}",204
393,piplup,4,52,53,51,53,61,56,40,{water},205
394,prinplup,8,230,64,66,68,81,76,50,{water},205
395,empoleon,17,845,84,86,88,111,101,60,"{water,steel}",205
396,starly,3,20,40,55,30,30,30,60,"{normal,flying}",206
397,staravia,6,155,55,75,50,40,40,80,"{normal,flying}",206
398,staraptor,12,249,85,120,70,50,60,100,"{normal,flying}",206
399,bidoof,5,200,59,45,40,35,40,31,{normal},207
400,bibarel,10,315,79,85,60,55,60,71,"{normal,water}",207
401,kricketot,3,22,37,25,41,25,41,25,{bug},208
402,kricketune,10,255,77,85,51,55,51,65,{bug},208
403,shinx,5,95,45,65,34,40,34,45,{electric},209
404,luxio,9,305,60,85,49,60,49,60,{electric},209
405,luxray,14,420,80,120,79,95,79,70,{electric},209
406,budew,2,12,40,30,35,50,70,55,"{grass,poison}",158
407,roserade,9,145,60,70,65,125,105,90,"{grass,poison}",158
408,cranidos,9,315,67,125,40,30,30,58,{rock},211
409,rampardos,16,1025,97,165,60,65,50,58,{rock},211
410,shieldon,5,570,30,42,118,42,88,30,"{rock,steel}",212
411,bastiodon,13,1495,60,52,168,47,138,30,"{rock,steel}",212
412,burmy,2,34,40,29,45,29,45,36,{bug},213
413,wormadam,5,65,60,59,85,79,105,36,"{bug,grass}",213
414,mothim,9,233,70,94,50,94,50,66,"{bug,flying}",213
415,combee,3,55,30,30,42,30,42,70,"{bug,flying}",214
416,vespiquen,12,385,70,80,102,80,102,40,"{bug,flying}",214
417,pachirisu,4,39,60,45,70,45,90,95,{electric},215
418,buizel,7,295,55,65,35,60,30,85,{water},216
419,floatzel,11,335,85,105,55,85,50,115,{water},216
420,cherubi,4,33,45,35,45,62,53,35,{grass},217
421,cherrim,5,93,70,60,70,87,78,85,{grass},217
422,shellos,3,63,76,48,48,57,62,34,{water},218
423,gastrodon,9,299,111,83,68,92,82,39,"{water,ground}",218
424,ambipom,12,203,75,100,66,60,66,115,{normal},93
425,drifloon,4,12,90,50,34,60,44,70,"{ghost,flying}",219
426,drifblim,12,150,150,80,44,90,54,80,"{ghost,flying}",219
427,buneary,4,55,55,66,44,44,56,85,{normal},220
428,lopunny,12,333,65,76,84,54,96,105,{normal},220
429,mismagius,9,44,60,60,60,105,105,105,{ghost},98
430,honchkrow,9,273,100,125,52,105,52,71,"{dark,flying}",97
431,glameow,5,39,49,55,42,42,37,85,{normal},221
432,purugly,10,438,71,82,64,64,59,112,{normal},221
433,chingling,2,6,45,30,50,65,50,45,{psychic},184
434,stunky,4,192,63,63,47,41,41,74,"{poison,dark}",223
435,skuntank,10,380,103,93,67,71,61,84,"{poison,dark}",223
436,bronzor,5,605,57,24,86,24,86,23,"{steel,psychic}",224
437,bronzong,13,1870,67,89,116,79,116,33,"{steel,psychic}",224
438,bonsly,5,150,50,80,95,10,45,10,{rock},91
439,mime-jr,6,130,20,25,45,70,90,60,"{psychic,fairy}",57
440,happiny,6,244,100,5,5,15,65,30,{normal},51
441,chatot,5,19,76,65,45,92,42,91,"{normal,flying}",228
442,spiritomb,10,1080,50,92,108,92,108,35,"{ghost,dark}",229
443,gible,7,205,58,70,45,40,45,42,"{dragon,ground}",230
444,gabite,14,560,68,90,65,50,55,82,"{dragon,ground}",230
445,garchomp,19,950,108,130,95,80,85,102,"{dragon,ground}",230
446,munchlax,6,1050,135,85,40,40,85,5,{normal},72
447,riolu,7,202,40,70,40,35,40,60,{fighting},232
448,lucario,12,540,70,110,70,115,70,90,"{fighting,steel}",232
449,hippopotas,8,495,68,72,78,38,42,32,{ground},233
450,hippowdon,20,3000,108,112,118,68,72,47,{ground},233
451,skorupi,8,120,40,50,90,30,55,65,"{poison,bug}",234
452,drapion,13,615,70,90,110,60,75,95,"{poison,dark}",234
453,croagunk,7,230,48,61,40,61,40,50,"{poison,fighting}",235
454,toxicroak,13,444,83,106,65,86,65,85,"{poison,fighting}",235
455,carnivine,14,270,74,100,72,90,72,46,{grass},236
456,finneon,4,70,49,49,56,49,61,66,{water},237
457,lumineon,12,240,69,69,76,69,86,91,{water},237
458,mantyke,10,650,45,20,50,60,120,50,"{water,flying}",116
459,snover,10,505,60,62,50,62,60,40,"{grass,ice}",239
460,abomasnow,22,1355,90,92,75,92,85,60,"{grass,ice}",239
461,weavile,11,340,70,120,65,45,85,125,"{dark,ice}",109
462,magnezone,12,1800,70,70,115,130,90,60,"{electric,steel}",34
463,lickilicky,17,1400,110,85,95,80,95,50,{normal},48
464,rhyperior,24,2828,115,140,130,55,55,40,"{ground,rock}",50
465,tangrowth,20,1286,100,100,125,110,50,50,{grass},52
466,electivire,18,1386,75,123,67,95,85,95,{electric},60
467,magmortar,16,680,75,95,67,125,95,83,{fire},61
468,togekiss,15,380,85,50,95,120,115,80,"{fairy,flying}",87
469,yanmega,19,515,86,76,86,116,56,95,"{bug,flying}",95
470,leafeon,10,255,65,110,130,60,65,95,{grass},67
471,glaceon,8,259,65,60,110,130,95,65,{ice},67
472,gliscor,20,425,75,95,125,45,75,95,"{ground,flying}",104
473,mamoswine,25,2910,110,130,80,70,60,80,"{ice,ground}",112
474,porygon-z,9,340,85,80,70,135,75,90,{normal},68
475,gallade,16,520,68,125,65,65,115,80,"{psychic,fighting}",140
476,probopass,14,3400,60,55,145,75,150,40,"{rock,steel}",147
477,dusknoir,22,1066,45,100,135,65,135,45,{ghost},182
478,froslass,13,266,70,80,70,80,70,110,"{ice,ghost}",186
479,rotom,3,3,50,50,77,95,77,91,"{electric,ghost}",240
480,uxie,3,3,75,75,130,75,130,95,{psychic},241
481,mesprit,3,3,80,105,105,105,105,80,{psychic},242
482,azelf,3,3,75,125,70,125,70,115,{psychic},243
483,dialga,54,6830,100,120,120,150,100,90,"{steel,dragon}",244
484,palkia,42,3360,90,120,100,150,120,100,"{water,dragon}",245
485,heatran,17,4300,91,90,106,130,106,77,"{fire,steel}",246
486,regigigas,37,4200,110,160,110,80,110,100,{normal},247
487,giratina,45,7500,150,100,120,100,120,90,"{ghost,dragon}",248
488,cresselia,15,856,120,70,110,75,120,85,{psychic},249
489,phione,4,31,80,80,80,80,80,80,{water},250
490,manaphy,3,14,100,100,100,100,100,100,{water},250
491,darkrai,15,505,70,90,90,135,90,125,{dark},252
492,shaymin,2,21,100,100,100,100,100,100,{grass},253
493,arceus,32,3200,120,120,120,120,120,120,{normal},254
494,victini,4,40,100,100,100,100,100,100,"{psychic,fire}",255
495,snivy,6,81,45,45,55,45,55,63,{grass},256
496,servine,8,160,60,60,75,60,75,83,{grass},256
497,serperior,33,630,75,75,95,75,95,113,{grass},256
498,tepig,5,99,65,63,45,45,45,45,{fire},257
499,pignite,10,555,90,93,55,70,55,55,"{fire,fighting}",257
500,emboar,16,1500,110,123,65,100,65,65,"{fire,fighting}",257
501,oshawott,5,59,55,55,45,63,45,45,{water},258
502,dewott,8,245,75,75,60,83,60,60,{water},258
503,samurott,15,946,95,100,85,108,70,70,{water},258
504,patrat,5,116,45,55,39,35,39,42,{normal},259
505,watchog,11,270,60,85,69,60,69,77,{normal},259
506,lillipup,4,41,45,60,45,25,45,55,{normal},260
507,herdier,9,147,65,80,65,35,65,60,{normal},260
508,stoutland,12,610,85,110,90,45,90,80,{normal},260
509,purrloin,4,101,41,50,37,50,37,66,{dark},261
510,liepard,11,375,64,88,50,88,50,106,{dark},261
511,pansage,6,105,50,53,48,53,48,64,{grass},262
512,simisage,11,305,75,98,63,98,63,101,{grass},262
513,pansear,6,110,50,53,48,53,48,64,{fire},263
514,simisear,10,280,75,98,63,98,63,101,{fire},263
515,panpour,6,135,50,53,48,53,48,64,{water},264
516,simipour,10,290,75,98,63,98,63,101,{water},264
517,munna,6,233,76,25,45,67,55,24,{psychic},265
518,musharna,11,605,116,55,85,107,95,29,{psychic},265
519,pidove,3,21,50,55,50,36,30,43,"{normal,flying}",266
520,tranquill,6,150,62,77,62,50,42,65,"{normal,flying}",266
521,unfezant,12,290,80,115,80,65,55,93,"{normal,flying}",266
522,blitzle,8,298,45,60,32,50,32,76,{electric},267
523,zebstrika,16,795,75,100,63,80,63,116,{electric},267
524,roggenrola,4,180,55,75,85,25,25,15,{rock},268
525,boldore,9,1020,70,105,105,50,40,20,{rock},268
526,gigalith,17,2600,85,135,130,60,80,25,{rock},268
527,woobat,4,21,65,45,43,55,43,72,"{psychic,flying}",269
528,swoobat,9,105,67,57,55,77,55,114,"{psychic,flying}",269
529,drilbur,3,85,60,85,40,30,45,68,{ground},270
530,excadrill,7,404,110,135,60,50,65,88,"{ground,steel}",270
531,audino,11,310,103,60,86,60,86,50,{normal},271
532,timburr,6,125,75,80,55,25,35,35,{fighting},272
533,gurdurr,12,400,85,105,85,40,50,40,{fighting},272
534,conkeldurr,14,870,105,140,95,55,65,45,{fighting},272
535,tympole,5,45,50,50,40,50,40,64,{water},273
536,palpitoad,8,170,75,65,55,65,55,69,"{water,ground}",273
537,seismitoad,15,620,105,95,75,85,75,74,"{water,ground}",273
538,throh,13,555,120,100,85,30,85,45,{fighting},274
539,sawk,14,510,75,125,75,30,75,85,{fighting},275
540,sewaddle,3,25,45,53,70,40,60,42,"{bug,grass}",276
541,swadloon,5,73,55,63,90,50,80,42,"{bug,grass}",276
542,leavanny,12,205,75,103,80,70,80,92,"{bug,grass}",276
543,venipede,4,53,30,45,59,30,39,57,"{bug,poison}",277
544,whirlipede,12,585,40,55,99,40,79,47,"{bug,poison}",277
545,scolipede,25,2005,60,100,89,55,69,112,"{bug,poison}",277
546,cottonee,3,6,40,27,60,37,50,66,"{grass,fairy}",278
547,whimsicott,7,66,60,67,85,77,75,116,"{grass,fairy}",278
548,petilil,5,66,45,35,50,70,50,30,{grass},279
549,lilligant,11,163,70,60,75,110,75,90,{grass},279
550,basculin,10,180,70,92,65,80,55,98,{water},280
551,sandile,7,152,50,72,35,35,35,65,"{ground,dark}",281
552,krokorok,10,334,60,82,45,45,45,74,"{ground,dark}",281
553,krookodile,15,963,95,117,80,65,70,92,"{ground,dark}",281
554,darumaka,6,375,70,90,45,15,45,50,{fire},282
555,darmanitan,13,929,105,140,55,30,55,95,{fire},282
556,maractus,10,280,75,86,67,106,67,60,{grass},283
557,dwebble,3,145,50,65,85,35,35,55,"{bug,rock}",284
558,crustle,14,2000,70,105,125,65,75,45,"{bug,rock}",284
559,scraggy,6,118,50,75,70,35,70,48,"{dark,fighting}",285
560,scrafty,11,300,65,90,115,45,115,58,"{dark,fighting}",285
561,sigilyph,14,140,72,58,80,103,80,97,"{psychic,flying}",286
562,yamask,5,15,38,30,85,55,65,30,{ghost},287
563,cofagrigus,17,765,58,50,145,95,105,30,{ghost},287
564,tirtouga,7,165,54,78,103,53,45,22,"{water,rock}",288
565,carracosta,12,810,74,108,133,83,65,32,"{water,rock}",288
566,archen,5,95,55,112,45,74,45,70,"{rock,flying}",289
567,archeops,14,320,75,140,65,112,65,110,"{rock,flying}",289
568,trubbish,6,310,50,50,62,40,62,65,{poison},290
569,garbodor,19,1073,80,95,82,60,82,75,{poison},290
570,zorua,7,125,40,65,40,80,40,65,{dark},291
571,zoroark,16,811,60,105,60,120,60,105,{dark},291
572,minccino,4,58,55,50,40,40,40,75,{normal},292
573,cinccino,5,75,75,95,60,65,60,115,{normal},292
574,gothita,4,58,45,30,50,55,65,45,{psychic},293
575,gothorita,7,180,60,45,70,75,85,55,{psychic},293
576,gothitelle,15,440,70,55,95,95,110,65,{psychic},293
577,solosis,3,10,45,30,40,105,50,20,{psychic},294
578,duosion,6,80,65,40,50,125,60,30,{psychic},294
579,reuniclus,10,201,110,65,75,125,85,30,{psychic},294
580,ducklett,5,55,62,44,50,44,50,55,"{water,flying}",295
581,swanna,13,242,75,87,63,87,63,98,"{water,flying}",295
582,vanillite,4,57,36,50,50,65,60,44,{ice},296
583,vanillish,11,410,51,65,65,80,75,59,{ice},296
584,vanilluxe,13,575,71,95,85,110,95,79,{ice},296
585,deerling,6,195,60,60,50,40,50,75,"{normal,grass}",297
586,sawsbuck,19,925,80,100,70,60,70,95,"{normal,grass}",297
587,emolga,4,50,55,75,60,75,60,103,"{electric,flying}",298
588,karrablast,5,59,50,75,45,40,45,60,{bug},299
589,escavalier,10,330,70,135,105,60,105,20,"{bug,steel}",299
590,foongus,2,10,69,55,45,55,55,15,"{grass,poison}",300
591,amoonguss,6,105,114,85,70,85,80,30,"{grass,poison}",300
592,frillish,12,330,55,40,50,65,85,40,"{water,ghost}",301
593,jellicent,22,1350,100,60,70,85,105,60,"{water,ghost}",301
594,alomomola,12,316,165,75,80,40,45,65,{water},302
595,joltik,1,6,50,47,50,57,50,65,"{bug,electric}",303
596,galvantula,8,143,70,77,60,97,60,108,"{bug,electric}",303
597,ferroseed,6,188,44,50,91,24,86,10,"{grass,steel}",304
598,ferrothorn,10,1100,74,94,131,54,116,20,"{grass,steel}",304
599,klink,3,210,40,55,70,45,60,30,{steel},305
600,klang,6,510,60,80,95,70,85,50,{steel},305
601,klinklang,6,810,60,100,115,70,85,90,{steel},305
602,tynamo,2,3,35,55,40,45,40,60,{electric},306
603,eelektrik,12,220,65,85,70,75,70,40,{electric},306
604,eelektross,21,805,85,115,80,105,80,50,{electric},306
605,elgyem,5,90,55,55,55,85,55,30,{psychic},307
606,beheeyem,10,345,75,75,75,125,95,40,{psychic},307
607,litwick,3,31,50,30,55,65,55,20,"{ghost,fire}",308
608,lampent,6,130,60,40,60,95,60,55,"{ghost,fire}",308
609,chandelure,10,343,60,55,90,145,90,80,"{ghost,fire}",308
610,axew,6,180,46,87,60,30,40,57,{dragon},309
611,fraxure,10,360,66,117,70,40,50,67,{dragon},309
612,haxorus,18,1055,76,147,90,60,70,97,{dragon},309
613,cubchoo,5,85,55,70,40,60,40,40,{ice},310
614,beartic,26,2600,95,130,80,70,80,50,{ice},310
615,cryogonal,11,1480,80,50,50,95,135,105,{ice},311
616,shelmet,4,77,50,40,85,40,65,25,{bug},312
617,accelgor,8,253,80,70,40,100,60,145,{bug},312
618,stunfisk,7,110,109,66,84,81,99,32,"{ground,electric}",313
619,mienfoo,9,200,45,85,50,55,50,65,{fighting},314
620,mienshao,14,355,65,125,60,95,60,105,{fighting},314
621,druddigon,16,1390,77,120,90,60,90,48,{dragon},315
622,golett,10,920,59,74,50,35,50,35,"{ground,ghost}",316
623,golurk,28,3300,89,124,80,55,80,55,"{ground,ghost}",316
624,pawniard,5,102,45,85,70,40,40,60,"{dark,steel}",317
625,bisharp,16,700,65,125,100,60,70,70,"{dark,steel}",317
626,bouffalant,16,946,95,110,95,40,95,55,{normal},318
627,rufflet,5,105,70,83,50,37,50,60,"{normal,flying}",319
628,braviary,15,410,100,123,75,57,75,80,"{normal,flying}",319
629,vullaby,5,90,70,55,75,45,65,60,"{dark,flying}",320
630,mandibuzz,12,395,110,65,105,55,95,80,"{dark,flying}",320
631,heatmor,14,580,85,97,66,105,66,65,{fire},321
632,durant,3,330,58,109,112,48,48,109,"{bug,steel}",322
633,deino,8,173,52,65,50,45,50,38,"{dark,dragon}",323
634,zweilous,14,500,72,85,70,65,70,58,"{dark,dragon}",323
635,hydreigon,18,1600,92,105,90,125,90,98,"{dark,dragon}",323
636,larvesta,11,288,55,85,55,50,55,60,"{bug,fire}",324
637,volcarona,16,460,85,60,65,135,105,100,"{bug,fire}",324
638,cobalion,21,2500,91,90,129,90,72,108,"{steel,fighting}",325
639,terrakion,19,2600,91,129,90,72,90,108,"{rock,fighting}",326
640,virizion,20,2000,91,90,72,90,129,108,"{grass,fighting}",327
641,tornadus,15,630,79,115,70,125,80,111,{flying},328
642,thundurus,15,610,79,115,70,125,80,111,"{electric,flying}",329
643,reshiram,32,3300,100,120,100,150,120,90,"{dragon,fire}",330
644,zekrom,29,3450,100,150,120,120,100,90,"{dragon,electric}",331
645,landorus,15,680,89,125,90,115,80,101,"{ground,flying}",332
646,kyurem,30,3250,125,130,90,130,90,95,"{dragon,ice}",333
647,keldeo,14,485,91,72,90,129,90,108,"{water,fighting}",334
648,meloetta,6,65,100,77,77,128,128,90,"{normal,psychic}",335
649,genesect,15,825,71,120,95,120,95,99,"{bug,steel}",336
650,chespin,4,90,56,61,65,48,45,38,{grass},337
651,quilladin,7,290,61,78,95,56,58,57,{grass},337
652,chesnaught,16,900,88,107,122,74,75,64,"{grass,fighting}",337
653,fennekin,4,94,40,45,40,62,60,60,{fire},338
654,braixen,10,145,59,59,58,90,70,73,{fire},338
655,delphox,15,390,75,69,72,114,100,104,"{fire,psychic}",338
656,froakie,3,70,41,56,40,62,44,71,{water},339
657,frogadier,6,109,54,63,52,83,56,97,{water},339
658,greninja,15,400,72,95,67,103,71,122,"{water,dark}",339
659,bunnelby,4,50,38,36,38,32,36,57,{normal},340
660,diggersby,10,424,85,56,77,50,77,78,"{normal,ground}",340
661,fletchling,3,17,45,50,43,40,38,62,"{normal,flying}",341
662,fletchinder,7,160,62,73,55,56,52,84,"{fire,flying}",341
663,talonflame,12,245,78,81,71,74,69,126,"{fire,flying}",341
664,scatterbug,3,25,38,35,40,27,25,35,{bug},342
665,spewpa,3,84,45,22,60,27,30,29,{bug},342
666,vivillon,12,170,80,52,50,90,50,89,"{bug,flying}",342
667,litleo,6,135,62,50,58,73,54,72,"{fire,normal}",343
668,pyroar,15,815,86,68,72,109,66,106,"{fire,normal}",343
669,flabebe,1,1,44,38,39,61,79,42,{fairy},344
670,floette,2,9,54,45,47,75,98,52,{fairy},344
671,florges,11,100,78,65,68,112,154,75,{fairy},344
672,skiddo,9,310,66,65,48,62,57,52,{grass},345
673,gogoat,17,910,123,100,62,97,81,68,{grass},345
674,pancham,6,80,67,82,62,46,48,43,{fighting},346
675,pangoro,21,1360,95,124,78,69,71,58,"{fighting,dark}",346
676,furfrou,12,280,75,80,60,65,90,102,{normal},347
677,espurr,3,35,62,48,54,63,60,68,{psychic},348
678,meowstic,6,85,74,48,76,83,81,104,{psychic},348
679,honedge,8,20,45,80,100,35,37,28,"{steel,ghost}",349
680,doublade,8,45,59,110,150,45,49,35,"{steel,ghost}",349
681,aegislash,17,530,60,50,140,50,140,60,"{steel,ghost}",349
682,spritzee,2,5,78,52,60,63,65,23,{fairy},350
683,aromatisse,8,155,101,72,72,99,89,29,{fairy},350
684,swirlix,4,35,62,48,66,59,57,49,{fairy},351
685,slurpuff,8,50,82,80,86,85,75,72,{fairy},351
686,inkay,4,35,53,54,53,37,46,45,"{dark,psychic}",352
687,malamar,15,470,86,92,88,68,75,73,"{dark,psychic}",352
688,binacle,5,310,42,52,67,39,56,50,"{rock,water}",353
689,barbaracle,13,960,72,105,115,54,86,68,"{rock,water}",353
690,skrelp,5,73,50,60,60,60,60,30,"{poison,water}",354
691,dragalge,18,815,65,75,90,97,123,44,"{poison,dragon}",354
692,clauncher,5,83,50,53,62,58,63,44,{water},355
693,clawitzer,13,353,71,73,88,120,89,59,{water},355
694,helioptile,5,60,44,38,33,61,43,70,"{electric,normal}",356
695,heliolisk,10,210,62,55,52,109,94,109,"{electric,normal}",356
696,tyrunt,8,260,58,89,77,45,45,48,"{rock,dragon}",357
697,tyrantrum,25,2700,82,121,119,69,59,71,"{rock,dragon}",357
698,amaura,13,252,77,59,50,67,63,46,"{rock,ice}",358
699,aurorus,27,2250,123,77,72,99,92,58,"{rock,ice}",358
700,sylveon,10,235,95,65,65,110,130,60,{fairy},67
701,hawlucha,8,215,78,92,75,74,63,118,"{fighting,flying}",359
702,dedenne,2,22,67,58,57,81,67,101,"{electric,fairy}",360
703,carbink,3,57,50,50,150,50,150,50,"{rock,fairy}",361
704,goomy,3,28,45,50,35,55,75,40,{dragon},362
705,sliggoo,8,175,68,75,53,83,113,60,{dragon},362
706,goodra,20,1505,90,100,70,110,150,80,{dragon},362
707,klefki,2,30,57,80,91,80,87,75,"{steel,fairy}",363
708,phantump,4,70,43,70,48,50,60,38,"{ghost,grass}",364
709,trevenant,15,710,85,110,76,65,82,56,"{ghost,grass}",364
710,pumpkaboo,4,50,49,66,70,44,55,51,"{ghost,grass}",365
711,gourgeist,9,125,65,90,122,58,75,84,"{ghost,grass}",365
712,bergmite,10,995,55,69,85,32,35,28,{ice},366
713,avalugg,20,5050,95,117,184,44,46,28,{ice},366
714,noibat,5,80,40,30,35,45,40,55,"{flying,dragon}",367
715,noivern,15,850,85,70,80,97,80,123,"{flying,dragon}",367
716,xerneas,30,2150,126,131,95,131,98,99,{fairy},368
717,yveltal,58,2030,126,131,95,131,98,99,"{dark,flying}",369
718,zygarde,50,3050,108,100,121,81,95,95,"{dragon,ground}",370
719,diancie,7,88,50,100,150,100,150,50,"{rock,fairy}",371
720,hoopa,5,90,80,110,60,150,130,70,"{psychic,ghost}",372
721,volcanion,17,1950,80,110,120,130,90,70,"{fire,water}",373
722,rowlet,3,15,68,55,55,50,50,42,"{grass,flying}",374
723,dartrix,7,160,78,75,75,70,70,52,"{grass,flying}",374
724,decidueye,16,366,78,107,75,100,100,70,"{grass,ghost}",374
725,litten,4,43,45,65,40,60,40,70,{fire},375
726,torracat,7,250,65,85,50,80,50,90,{fire},375
727,incineroar,18,830,95,115,90,80,90,60,"{fire,dark}",375
728,popplio,4,75,50,54,54,66,56,40,{water},376
729,brionne,6,175,60,69,69,91,81,50,{water},376
730,primarina,18,440,80,74,74,126,116,60,"{water,fairy}",376
731,pikipek,3,12,35,75,30,30,30,65,"{normal,flying}",377
732,trumbeak,6,148,55,85,50,40,50,75,"{normal,flying}",377
733,toucannon,11,260,80,120,75,75,75,60,"{normal,flying}",377
734,yungoos,4,60,48,70,30,30,30,45,{normal},378
735,gumshoos,7,142,88,110,60,55,60,45,{normal},378
736,grubbin,4,44,47,62,45,55,45,46,{bug},379
737,charjabug,5,105,57,82,95,55,75,36,"{bug,electric}",379
738,vikavolt,15,450,77,70,90,145,75,43,"{bug,electric}",379
739,crabrawler,6,70,47,82,57,42,47,63,{fighting},380
740,crabominable,17,1800,97,132,77,62,67,43,"{fighting,ice}",380
741,oricorio,6,34,75,70,70,98,70,93,"{fire,flying}",381
742,cutiefly,1,2,40,45,40,55,40,84,"{bug,fairy}",382
743,ribombee,2,5,60,55,60,95,70,124,"{bug,fairy}",382
744,rockruff,5,92,45,65,40,30,40,60,{rock},383
745,lycanroc,8,250,75,115,65,55,65,112,{rock},383
746,wishiwashi,2,3,45,20,20,25,25,40,{water},384
747,mareanie,4,80,50,53,62,43,52,45,"{poison,water}",385
748,toxapex,7,145,50,63,152,53,142,35,"{poison,water}",385
749,mudbray,10,1100,70,100,70,45,55,45,{ground},386
750,mudsdale,25,9200,100,125,100,55,85,35,{ground},386
751,dewpider,3,40,38,40,52,40,72,27,"{water,bug}",387
752,araquanid,18,820,68,70,92,50,132,42,"{water,bug}",387
753,fomantis,3,15,40,55,35,50,35,35,{grass},388
754,lurantis,9,185,70,105,90,80,90,45,{grass},388
755,morelull,2,15,40,35,55,65,75,15,"{grass,fairy}",389
756,shiinotic,10,115,60,45,80,90,100,30,"{grass,fairy}",389
757,salandit,6,48,48,44,40,71,40,77,"{poison,fire}",390
758,salazzle,12,222,68,64,60,111,60,117,"{poison,fire}",390
759,stufful,5,68,70,75,50,45,50,50,"{normal,fighting}",391
760,bewear,21,1350,120,125,80,55,60,60,"{normal,fighting}",391
761,bounsweet,3,32,42,30,38,30,38,32,{grass},392
762,steenee,7,82,52,40,48,40,48,62,{grass},392
763,tsareena,12,214,72,120,98,50,98,72,{grass},392
764,comfey,1,3,51,52,90,82,110,100,{fairy},393
765,oranguru,15,760,90,60,80,90,110,60,"{normal,psychic}",394
766,passimian,20,828,100,120,90,40,60,80,{fighting},395
767,wimpod,5,120,25,35,40,20,30,80,"{bug,water}",396
768,golisopod,20,1080,75,125,140,60,90,40,"{bug,water}",396
769,sandygast,5,700,55,55,80,70,45,15,"{ghost,ground}",397
770,palossand,13,2500,85,75,110,100,75,35,"{ghost,ground}",397
771,pyukumuku,3,12,55,60,130,30,130,5,{water},398
772,type-null,19,1205,95,95,95,95,95,59,{normal},399
773,silvally,23,1005,95,95,95,95,95,95,{normal},399
774,minior,3,400,60,60,100,60,100,60,"{rock,flying}",400
775,komala,4,199,65,115,65,75,95,65,{normal},401
776,turtonator,20,2120,60,78,135,91,85,36,"{fire,dragon}",402
777,togedemaru,3,33,65,98,63,40,73,96,"{electric,steel}",403
778,mimikyu,2,7,55,90,80,50,105,96,"{ghost,fairy}",404
779,bruxish,9,190,68,105,70,70,70,92,"{water,psychic}",405
780,drampa,30,1850,78,60,85,135,91,36,"{normal,dragon}",406
781,dhelmise,39,2100,70,131,100,86,90,40,"{ghost,grass}",407
782,jangmo-o,6,297,45,55,65,45,45,45,{dragon},408
783,hakamo-o,12,470,55,75,90,65,70,65,"{dragon,fighting}",408
784,kommo-o,16,782,75,110,125,100,105,85,"{dragon,fighting}",408
785,tapu-koko,18,205,70,115,85,95,75,130,"{electric,fairy}",409
786,tapu-lele,12,186,70,85,75,130,115,95,"{psychic,fairy}",410
787,tapu-bulu,19,455,70,130,115,85,95,75,"{grass,fairy}",411
788,tapu-fini,13,212,70,75,115,95,130,85,"{water,fairy}",412
789,cosmog,2,1,43,29,31,29,31,37,{psychic},413
790,cosmoem,1,9999,43,29,131,29,131,37,{psychic},413
791,solgaleo,34,2300,137,137,107,113,89,97,"{psychic,steel}",413
792,lunala,40,1200,137,113,89,137,107,97,"{psychic,ghost}",413
793,nihilego,12,555,109,53,47,127,131,103,"{rock,poison}",414
794,buzzwole,24,3336,107,139,139,53,53,79,"{bug,fighting}",415
795,pheromosa,18,250,71,137,37,137,37,151,"{bug,fighting}",416
796,xurkitree,38,1000,83,89,71,173,71,83,{electric},417
797,celesteela,92,9999,97,101,103,107,101,61,"{steel,flying}",418
798,kartana,3,1,59,181,131,59,31,109,"{grass,steel}",419
799,guzzlord,55,8880,223,101,53,97,53,43,"{dark,dragon}",420
800,necrozma,24,2300,97,107,101,127,89,79,{psychic},421
801,magearna,10,805,80,95,115,130,115,65,"{steel,fairy}",422
802,marshadow,7,222,90,125,80,90,90,125,"{fighting,ghost}",423
803,poipole,6,18,67,73,67,73,67,73,{poison},424
804,naganadel,36,1500,73,73,73,127,73,121,"{poison,dragon}",424
805,stakataka,55,8200,61,131,211,53,101,13,"{rock,steel}",425
806,blacephalon,18,130,53,127,53,151,79,107,"{fire,ghost}",426
807,zeraora,15,445,88,112,75,102,80,143,{electric},427
808,meltan,2,80,46,65,65,55,35,34,{steel},428
809,melmetal,25,8000,135,143,143,80,65,34,{steel},429
810,grookey,3,50,50,65,50,40,40,65,{grass},430
811,thwackey,7,140,70,85,70,55,60,80,{grass},430
812,rillaboom,21,900,100,125,90,60,70,85,{grass},430
813,scorbunny,3,45,50,71,40,40,40,69,{fire},431
814,raboot,6,90,65,86,60,55,60,94,{fire},431
815,cinderace,14,330,80,116,75,65,75,119,{fire},431
816,sobble,3,40,50,40,40,70,40,70,{water},432
817,drizzile,7,115,65,60,55,95,55,90,{water},432
818,inteleon,19,452,70,85,65,125,65,120,{water},432
819,skwovet,3,25,70,55,55,35,35,25,{normal},433
820,greedent,6,60,120,95,95,55,75,20,{normal},433
821,rookidee,2,18,38,47,35,33,35,57,{flying},434
822,corvisquire,8,160,68,67,55,43,55,77,{flying},434
823,corviknight,22,750,98,87,105,53,85,67,"{flying,steel}",434
824,blipbug,4,80,25,20,20,25,45,45,{bug},435
825,dottler,4,195,50,35,80,50,90,30,"{bug,psychic}",435
826,orbeetle,4,408,60,45,110,80,120,90,"{bug,psychic}",435
827,nickit,6,89,40,28,28,47,52,50,{dark},436
828,thievul,12,199,70,58,58,87,92,90,{dark},436
829,gossifleur,4,22,40,40,60,40,60,10,{grass},437
830,eldegoss,5,25,60,50,90,80,120,60,{grass},437
831,wooloo,6,60,42,40,55,40,45,48,{normal},438
832,dubwool,13,430,72,80,100,60,90,88,{normal},438
833,chewtle,3,85,50,64,50,38,38,44,{water},439
834,drednaw,10,1155,90,115,90,48,68,74,"{water,rock}",439
835,yamper,3,135,59,45,50,40,50,26,{electric},440
836,boltund,10,340,69,90,60,90,60,121,{electric},440
837,rolycoly,3,120,30,40,50,40,50,30,{rock},441
838,carkol,11,780,80,60,90,60,70,50,"{rock,fire}",441
839,coalossal,28,3105,110,80,120,80,90,30,"{rock,fire}",441
840,applin,2,5,40,40,80,40,40,20,"{grass,dragon}",442
841,flapple,3,10,70,110,80,95,60,70,"{grass,dragon}",442
842,appletun,4,130,110,85,80,100,80,30,"{grass,dragon}",442
843,silicobra,22,76,52,57,75,35,50,46,{ground},443
844,sandaconda,38,655,72,107,125,65,70,71,{ground},443
845,cramorant,8,180,70,85,55,85,95,85,"{flying,water}",444
846,arrokuda,5,10,41,63,40,40,30,66,{water},445
847,barraskewda,13,300,61,123,60,60,50,136,{water},445
848,toxel,4,110,40,38,35,54,35,40,"{electric,poison}",446
849,toxtricity,16,400,75,98,70,114,70,75,"{electric,poison}",446
850,sizzlipede,7,10,50,65,45,50,50,45,"{fire,bug}",447
851,centiskorch,30,1200,100,115,65,90,90,65,"{fire,bug}",447
852,clobbopus,6,40,50,68,60,50,50,32,{fighting},448
853,grapploct,16,390,80,118,90,70,80,42,{fighting},448
854,sinistea,1,2,40,45,45,74,54,50,{ghost},449
855,polteageist,2,4,60,65,65,134,114,70,{ghost},449
856,hatenna,4,34,42,30,45,56,53,39,{psychic},450
857,hattrem,6,48,57,40,65,86,73,49,{psychic},450
858,hatterene,21,51,57,90,95,136,103,29,"{psychic,fairy}",450
859,impidimp,4,55,45,45,30,55,40,50,"{dark,fairy}",451
860,morgrem,8,125,65,60,45,75,55,70,"{dark,fairy}",451
861,grimmsnarl,15,610,95,120,65,95,75,60,"{dark,fairy}",451
862,obstagoon,16,460,93,90,101,60,81,95,"{dark,normal}",134
863,perrserker,8,280,70,110,100,50,60,50,{steel},22
864,cursola,10,4,60,95,50,145,130,30,{ghost},113
865,sirfetchd,8,1170,62,135,95,68,82,65,{fighting},35
866,mr-rime,15,582,80,85,75,110,100,70,"{ice,psychic}",57
867,runerigus,16,666,58,95,145,50,105,30,"{ground,ghost}",287
868,milcery,2,3,45,40,40,50,61,34,{fairy},452
869,alcremie,3,5,65,60,75,110,121,64,{fairy},452
870,falinks,30,620,65,100,100,70,60,75,{fighting},453
871,pincurchin,3,10,48,101,95,91,85,15,{electric},454
872,snom,3,38,30,25,35,45,30,20,"{ice,bug}",455
873,frosmoth,13,420,70,65,60,125,90,65,"{ice,bug}",455
874,stonjourner,25,5200,100,125,135,20,20,70,{rock},456
875,eiscue,14,890,75,80,110,65,90,50,{ice},457
876,indeedee,9,280,60,65,55,105,95,95,"{psychic,normal}",458
877,morpeko,3,30,58,95,58,70,58,97,"{electric,dark}",459
878,cufant,12,1000,72,80,49,40,49,40,{steel},460
879,copperajah,30,6500,122,130,69,80,69,30,{steel},460
880,dracozolt,18,1900,90,100,90,80,70,75,"{electric,dragon}",461
881,arctozolt,23,1500,90,100,90,90,80,55,"{electric,ice}",462
882,dracovish,23,2150,90,90,100,70,80,75,"{water,dragon}",463
883,arctovish,20,1750,90,90,100,80,90,55,"{water,ice}",464
884,duraludon,18,400,70,95,115,120,50,85,"{steel,dragon}",465
885,dreepy,5,20,28,60,30,40,30,82,"{dragon,ghost}",466
886,drakloak,14,110,68,80,50,60,50,102,"{dragon,ghost}",466
887,dragapult,30,500,88,120,75,100,75,142,"{dragon,ghost}",466
888,zacian,28,1100,92,120,115,80,115,138,{fairy},467
889,zamazenta,29,2100,92,120,115,80,115,138,{fighting},468
890,eternatus,200,9500,140,85,95,145,95,130,"{poison,dragon}",469
891,kubfu,6,120,60,90,60,53,50,72,{fighting},470
892,urshifu,19,1050,100,130,100,63,60,97,"{fighting,dark}",470
893,zarude,18,700,105,120,105,70,95,105,"{dark,grass}",471
894,regieleki,12,1450,80,100,50,100,50,200,{electric},472
895,regidrago,21,2000,200,100,50,100,50,80,{dragon},473
896,glastrier,22,8000,100,145,130,65,110,30,{ice},474
897,spectrier,20,445,100,65,60,145,80,130,{ghost},475
898,calyrex,11,77,100,80,80,80,80,80,"{psychic,grass}",476
899,wyrdeer,18,951,103,105,72,105,75,65,"{normal,psychic}",120
900,kleavor,18,890,70,135,95,45,70,85,"{bug,rock}",58
901,ursaluna,24,2900,130,140,105,45,80,50,"{ground,normal}",110
902,basculegion,30,1100,120,112,65,80,75,78,"{water,ghost}",280
903,sneasler,13,430,80,130,60,40,80,120,"{fighting,poison}",109
904,overqwil,25,605,85,115,95,65,65,85,"{dark,poison}",106
905,enamorus,16,480,74,115,70,135,80,106,"{fairy,flying}",477
906,sprigatito,4,41,40,61,54,45,45,65,{grass},478
907,floragato,9,122,61,80,63,60,63,83,{grass},478
908,meowscarada,15,312,76,110,70,81,70,123,"{grass,dark}",478
909,fuecoco,4,98,67,45,59,63,40,36,{fire},479
910,crocalor,10,307,81,55,78,90,58,49,{fire},479
911,skeledirge,16,3265,104,75,100,110,75,66,"{fire,ghost}",479
912,quaxly,5,61,55,65,45,50,45,50,{water},480
913,quaxwell,12,215,70,85,65,65,60,65,{water},480
914,quaquaval,18,619,85,120,80,85,75,85,"{water,fighting}",480
915,lechonk,5,102,54,45,40,35,45,35,{normal},481
916,oinkologne,10,1200,110,100,75,59,80,65,{normal},481
917,tarountula,3,40,35,41,45,29,40,20,{bug},482
918,spidops,10,165,60,79,92,52,86,35,{bug},482
919,nymble,2,10,33,46,40,21,25,45,{bug},483
920,lokix,10,175,71,102,78,52,55,92,"{bug,dark}",483
921,pawmi,3,25,45,50,20,40,25,60,{electric},484
922,pawmo,4,65,60,75,40,50,40,85,"{electric,fighting}",484
923,pawmot,9,410,70,115,70,70,60,105,"{electric,fighting}",484
924,tandemaus,3,18,50,50,45,40,45,75,{normal},485
925,maushold,3,23,74,75,70,65,75,111,{normal},485
926,fidough,3,109,37,55,70,30,55,65,{fairy},486
927,dachsbun,5,149,57,80,115,50,80,95,{fairy},486
928,smoliv,3,65,41,35,45,58,51,30,"{grass,normal}",487
929,dolliv,6,119,52,53,60,78,78,33,"{grass,normal}",487
930,arboliva,14,482,78,69,90,125,109,39,"{grass,normal}",487
931,squawkabilly,6,24,82,96,51,45,51,92,"{normal,flying}",488
932,nacli,4,160,55,55,75,35,35,25,{rock},489
933,naclstack,6,1050,60,60,100,35,65,35,{rock},489
934,garganacl,23,2400,100,100,130,45,90,35,{rock},489
935,charcadet,6,105,40,50,40,50,40,35,{fire},490
936,armarouge,15,850,85,60,100,125,80,75,"{fire,psychic}",490
937,ceruledge,16,620,75,125,80,60,100,85,"{fire,ghost}",490
938,tadbulb,3,4,61,31,41,59,35,45,{electric},491
939,bellibolt,12,1130,109,64,91,103,83,45,{electric},491
940,wattrel,4,36,40,40,35,55,40,70,"{electric,flying}",492
941,kilowattrel,14,386,70,70,60,105,60,125,"{electric,flying}",492
942,maschiff,5,160,60,78,60,40,51,51,{dark},493
943,mabosstiff,11,610,80,120,90,60,70,85,{dark},493
944,shroodle,2,7,40,65,35,40,35,75,"{poison,normal}",494
945,grafaiai,7,272,63,95,65,80,72,110,"{poison,normal}",494
946,bramblin,6,6,40,65,30,45,35,60,"{grass,ghost}",495
947,brambleghast,12,60,55,115,70,80,70,90,"{grass,ghost}",495
948,toedscool,9,330,40,40,35,50,100,70,"{ground,grass}",496
949,toedscruel,19,580,80,70,65,80,120,100,"{ground,grass}",496
950,klawf,13,790,70,100,115,35,55,75,{rock},497
951,capsakid,3,30,50,62,40,62,40,50,{grass},498
952,scovillain,9,150,65,108,65,108,65,75,"{grass,fire}",498
953,rellor,2,10,41,50,60,31,58,30,{bug},499
954,rabsca,3,35,75,50,85,115,100,45,"{bug,psychic}",499
955,flittle,2,15,30,35,30,55,30,75,{psychic},500
956,espathra,19,900,95,60,60,101,60,105,{psychic},500
957,tinkatink,4,89,50,45,45,35,64,58,"{fairy,steel}",501
958,tinkatuff,7,591,65,55,55,45,82,78,"{fairy,steel}",501
959,tinkaton,7,1128,85,75,77,70,105,94,"{fairy,steel}",501
960,wiglett,12,18,10,55,25,35,25,95,{water},502
961,wugtrio,12,54,35,100,50,50,70,120,{water},502
962,bombirdier,15,429,70,103,85,60,85,82,"{flying,dark}",503
963,finizen,13,602,70,45,40,45,40,75,{water},504
964,palafin,13,602,100,70,72,53,62,100,{water},504
965,varoom,10,350,45,70,63,30,45,47,"{steel,poison}",505
966,revavroom,18,1200,80,119,90,54,67,90,"{steel,poison}",505
967,cyclizar,16,630,70,95,65,85,65,121,"{dragon,normal}",506
968,orthworm,25,3100,70,85,145,60,55,65,{steel},507
969,glimmet,7,80,48,35,42,105,60,60,"{rock,poison}",508
970,glimmora,15,450,83,55,90,130,81,86,"{rock,poison}",508
971,greavard,6,350,50,61,60,30,55,34,{ghost},509
972,houndstone,20,150,72,101,100,50,97,68,{ghost},509
973,flamigo,16,370,82,115,74,75,64,90,"{flying,fighting}",510
974,cetoddle,12,450,108,68,45,30,40,43,{ice},511
975,cetitan,45,7000,170,113,65,45,55,73,{ice},511
976,veluza,25,900,90,102,73,78,65,70,"{water,psychic}",512
977,dondozo,120,2200,150,100,115,65,65,35,{water},513
978,tatsugiri,3,80,68,50,60,120,95,82,"{dragon,water}",514
979,annihilape,12,560,110,115,80,50,90,90,"{fighting,ghost}",24
980,clodsire,18,2230,130,75,60,45,100,20,"{poison,ground}",96
981,farigiraf,32,1600,120,90,70,110,70,60,"{normal,psychic}",101
982,dudunsparce,36,392,125,100,80,85,75,55,{normal},103
983,kingambit,20,1200,100,135,120,60,85,50,"{dark,steel}",317
984,great-tusk,22,3200,115,131,131,53,53,87,"{ground,fighting}",515
985,scream-tail,12,80,115,65,99,65,115,111,"{fairy,psychic}",516
986,brute-bonnet,12,210,111,127,99,79,99,55,"{grass,dark}",517
987,flutter-mane,14,40,55,55,55,135,135,135,"{ghost,fairy}",518
988,slither-wing,32,920,85,135,79,85,105,81,"{bug,fighting}",519
989,sandy-shocks,23,600,85,81,97,121,85,101,"{electric,ground}",520
990,iron-treads,9,2400,90,112,120,72,70,106,"{ground,steel}",521
991,iron-bundle,6,110,56,80,114,124,60,136,"{ice,water}",522
992,iron-hands,18,3807,154,140,108,50,68,50,"{fighting,electric}",523
993,iron-jugulis,13,1110,94,80,86,122,80,108,"{dark,flying}",524
994,iron-moth,12,360,80,70,60,140,110,110,"{fire,poison}",525
995,iron-thorns,16,3030,100,134,110,70,84,72,"{rock,electric}",526
996,frigibax,5,170,65,75,45,35,45,55,"{dragon,ice}",527
997,arctibax,8,300,90,95,66,45,65,62,"{dragon,ice}",527
998,baxcalibur,21,2100,115,145,92,75,86,87,"{dragon,ice}",527
999,gimmighoul,3,50,45,30,70,75,70,10,{ghost},528
1000,gholdengo,12,300,87,60,95,133,91,84,"{steel,ghost}",528
1001,wo-chien,15,742,85,85,100,95,135,70,"{dark,grass}",529
1002,chien-pao,19,1522,80,120,80,90,65,135,"{dark,ice}",530
1003,ting-lu,27,6997,155,110,125,55,80,45,"{dark,ground}",531
1004,chi-yu,4,49,55,80,80,135,120,100,"{dark,fire}",532
1005,roaring-moon,20,3800,105,139,71,55,101,119,"{dragon,dark}",533
1006,iron-valiant,14,350,74,130,90,120,60,116,"{fairy,fighting}",534
1007,koraidon,25,3030,100,135,115,85,100,135,"{fighting,dragon}",535
1008,miraidon,35,2400,100,85,100,135,115,135,"{electric,dragon}",536
1009,walking-wake,35,2800,99,83,91,125,83,109,"{water,dragon}",537
1010,iron-leaves,15,1250,90,130,88,70,108,104,"{grass,psychic}",538
1011,dipplin,4,97,80,80,110,95,80,40,"{grass,dragon}",442
1012,poltchageist,1,11,40,45,45,74,54,50,"{grass,ghost}",539
1013,sinistcha,2,22,71,60,106,121,80,70,"{grass,ghost}",539
1014,okidogi,18,922,88,128,115,58,86,80,"{poison,fighting}",540
1015,munkidori,10,122,88,75,66,130,90,106,"{poison,psychic}",541
1016,fezandipiti,14,301,88,91,82,70,125,99,"{poison,fairy}",542
1017,ogerpon,12,398,80,120,84,60,96,110,{grass},543
1018,archaludon,20,600,90,105,130,125,65,85,"{steel,dragon}",465
1019,hydrapple,18,930,106,80,110,120,80,44,"{grass,dragon}",442
1020,gouging-fire,35,5900,105,115,121,65,93,91,"{fire,dragon}",544
1021,raging-bolt,52,4800,125,73,91,137,89,75,"{electric,dragon}",545
1022,iron-boulder,15,1625,90,120,80,68,108,124,"{rock,psychic}",547
1023,iron-crown,16,1560,90,72,100,122,108,98,"{steel,psychic}",546
1024,terapagos,2,65,90,65,85,65,85,60,{normal},548
1025,pecharunt,3,3,88,88,160,88,88,88,"{poison,ghost}",549
